{"train_losses": [0.3269357681274414, 0.12111310660839081, 0.09670274704694748, 0.08930553495883942, 0.08486028760671616, 0.08527339994907379, 0.0871710255742073, 0.0831807404756546, 0.07929366081953049, 0.07880110293626785, 0.08128678053617477, 0.07993160933256149, 0.07656452804803848, 0.08069239556789398, 0.07628758251667023, 0.07720162272405624, 0.07941066473722458, 0.07656556367874146, 0.07329326122999191, 0.07621511071920395, 0.07642127573490143, 0.07561119645833969, 0.07312546670436859, 0.07386290282011032, 0.07822127640247345, 0.0741063728928566, 0.07285954803228378, 0.06983467191457748, 0.07154395431280136, 0.07231394201517105, 0.06954970210790634, 0.06651496887207031, 0.07008197158575058, 0.06942016631364822, 0.06572295725345612, 0.06675007939338684, 0.07033953815698624, 0.0691564530134201, 0.06700287014245987, 0.0706167072057724, 0.06787211447954178, 0.06572911143302917, 0.0721132755279541, 0.0669131800532341, 0.06774366647005081, 0.06937143206596375, 0.06867043673992157], "val_losses": [0.14354248344898224, 0.10012698918581009, 0.09333982318639755, 0.08888620883226395, 0.08833691477775574, 0.08409131318330765, 0.08437857776880264, 0.07217373698949814, 0.08020748198032379, 0.0807955339550972, 0.08903252333402634, 0.07751835137605667, 0.07568135857582092, 0.08132802695035934, 0.08985248953104019, 0.08023545145988464, 0.07773110270500183, 0.07892488688230515, 0.07516907900571823, 0.07333696633577347, 0.06996897608041763, 0.07535765320062637, 0.07218381017446518, 0.07454603910446167, 0.07413635402917862, 0.0729077160358429, 0.07674094289541245, 0.07184825837612152, 0.07001995295286179, 0.07364378869533539, 0.07223276793956757, 0.07543911784887314, 0.06729883700609207, 0.07033789157867432, 0.0646563470363617, 0.07192350178956985, 0.06810704618692398, 0.07241499423980713, 0.07069585472345352, 0.0668845921754837, 0.06477858126163483, 0.0679824948310852, 0.06999873369932175, 0.06633292883634567, 0.07695349305868149, 0.07022425532341003, 0.06483563035726547]}